{"name":"RenderCommand","priority":10,"output":"png","hours":11,"minutes":17,"cam":{"x":-2.5,"y":0,"z":0,"eulerX":330.88714599609375,"eulerY":154.13002014160156,"eulerZ":18.13231658935547}}