"hours","minutes","x","y","z","eulerX","eulerY","eulerZ"
22,33,-2.809999942779541,0,0,330.8871154785156,155.05795288085938,18.132307052612305